Workbook

Sheet Коротко
A1: 14 дней работы: август и сентябрь 2026
A2: Сравнение 07–20 августа и 07–20 сентября. Главный показатель — количество услуг
A4: Для Планетной август собран как ЖК №3 + №5 + №6 + №7, сентябрь — ЦЖЗ на Планетной.
A6: Подразделение | B6: Август, услуг | C6: Сентябрь, услуг | D6: Разница | E6: Изменение | F6: Август, руб. | G6: Сентябрь, руб. | H6: Разница, руб. | I6: Средняя стоимость, август | J6: Средняя стоимость, сентябрь | K6: Разница средней | L6: Врачей, август | M6: Врачей, сентябрь
A7: ЦЖЗ на Лобненской | B7: =Подразделения!B6 -> 8006 | C7: =Подразделения!C6 -> 10438 | D7: =Подразделения!D6 -> 2432 | E7: =Подразделения!E6 -> 0.30377217 | F7: =Подразделения!F6 -> 4507808.3 | G7: =Подразделения!G6 -> 5809773.6 | H7: =Подразделения!H6 -> 1301965.2 | I7: =Подразделения!I6 -> 563.05375 | ... M7: =Подразделения!M6 -> 65
A8: ЦЖЗ на Петрозаводской | B8: =Подразделения!B7 -> 8858 | C8: =Подразделения!C7 -> 6003 | D8: =Подразделения!D7 -> -2855 | E8: =Подразделения!E7 -> -0.32230752 | F8: =Подразделения!F7 -> 4079608.2 | G8: =Подразделения!G7 -> 2621516.2 | H8: =Подразделения!H7 -> -1458092 | I8: =Подразделения!I7 -> 460.55636 | ... M8: =Подразделения!M7 -> 40
A9: ЦЖЗ на Планетной | B9: =Подразделения!B8 -> 5614 | C9: =Подразделения!C8 -> 6291 | D9: =Подразделения!D8 -> 677 | E9: =Подразделения!E8 -> 0.12059138 | F9: =Подразделения!F8 -> 3020954.7 | G9: =Подразделения!G8 -> 3010961.9 | H9: =Подразделения!H8 -> -9992.86 | I9: =Подразделения!I8 -> 538.11093 | ... M9: =Подразделения!M8 -> 43
A10: ЖК №10 | B10: =Подразделения!B9 -> 473 | C10: =Подразделения!C9 -> 808 | D10: =Подразделения!D9 -> 335 | E10: =Подразделения!E9 -> 0.70824524 | F10: =Подразделения!F9 -> 255838.71 | G10: =Подразделения!G9 -> 541135.47 | H10: =Подразделения!H9 -> 285296.76 | I10: =Подразделения!I9 -> 540.88522 | ... M10: =Подразделения!M9 -> 7
A11: ИТОГО | B11: =Подразделения!B10 -> 22951 | C11: =Подразделения!C10 -> 23540 | D11: =Подразделения!D10 -> 589 | E11: =Подразделения!E10 -> 0.02566337 | F11: =Подразделения!F10 -> 11864210 | G11: =Подразделения!G10 -> 11983387 | H11: =Подразделения!H10 -> 119177.09 | I11: =Подразделения!I10 -> 516.93652 | ... M11: =Подразделения!M10 -> 153
A14: Крупнейший рост по кодам — все подразделения | H14: Крупнейшее снижение по кодам — все подразделения
A15: Код | B15: Услуга | C15: Август | D15: Сентябрь | E15: Разница | F15: Разница, руб. | H15: Код | I15: Услуга | J15: Август | K15: Сентябрь | L15: Разница | M15: Разница, руб.
A16: 8003 | B16: Расширенная кольпоскопия и вульвоскопия | C16: 220 | D16: 550 | E16: 330 | F16: 178856.7 | H16: 1981 | I16: Прием врача-акушера-гинеколога, амбулаторный (наблюдение беременности) | J16: 1667 | K16: 1392 | L16: -275 | M16: -248424
A17: 40021 | B17: УЗИ внутренних женских половых органов | C17: 1788 | D17: 1986 | E17: 198 | F17: 50054.4 | H17: 22722 | I17: Нестрессовый тест плода | J17: 708 | K17: 534 | L17: -174 | M17: -90620.94
A18: 40054 | B18: УЗИ мягких тканей, лимфатических узлов | C18: 454 | D18: 614 | E18: 160 | F18: 21480 | H18: 1441 | I18: Прием врача-акушера-гинеколога лечебно-диагностический, первичный, амб. | J18: 1773 | K18: 1694 | L18: -79 | M18: -39490.52
A19: 40052 | B19: УЗИ молочных желез | C19: 686 | D19: 775 | E19: 89 | F19: 12668.26 | H19: 1015 | I19: Прием врача-терапевта диспансерный, амб. | J19: 177 | K19: 105 | L19: -72 | M19: -7968.24
A20: 40095 | B20: УЗ-допплерография магистральных сосудов внутренних органов | C20: 269 | D20: 356 | E20: 87 | F20: 61554.24 | H20: 2004 | I20: Взятие крови из вены, кровопускание | J20: 2779 | K20: 2734 | L20: -45 | M20: -2514.12
A21: 1571 | B21: Прием больных мед.сестрой (фельдш.,акушеркой) доврач., смотр. кабинета | C21: 220 | D21: 301 | E21: 81 | F21: 9297.18 | H21: 1849 | I21: Прием врача-эндокринолога лечебно-диагностический | J21: 226 | K21: 189 | L21: -37 | M21: -4163.24
A24: Зелёный — рост; красный — снижение

Sheet Подразделения
A1: Сравнение подразделений за 14 дней
A2: Количество услуг — основной показатель. Средняя стоимость = сумма / количество услуг
A5: Подразделение | B5: Август, кол. | C5: Сентябрь, кол. | D5: Разница | E5: Изменение | F5: Август, руб. | G5: Сентябрь, руб. | H5: Разница, руб. | I5: Средняя стоимость, август | J5: Средняя стоимость, сентябрь | K5: Разница средней | L5: Врачей, август | M5: Врачей, сентябрь | N5: Кодов, август | O5: Кодов, сентябрь | P5: Новых кодов | Q5: Нет в сентябре
A6: ЦЖЗ на Лобненской | B6: 8006 | C6: 10438 | D6: =C6-B6 -> 2432 | E6: =IF(B6=0,"",D6/B6) -> 0.30377217 | F6: 4507808.3 | G6: 5809773.6 | H6: =G6-F6 -> 1301965.2 | I6: =IF(B6=0,"",F6/B6) -> 563.05375 | J6: =IF(C6=0,"",G6/C6) -> 556.59835 | K6: =J6-I6 -> -6.4554032 | L6: 71 | M6: 65 | N6: 47 | O6: 50 | P6: 9 | Q6: 6
A7: ЦЖЗ на Петрозаводской | B7: 8858 | C7: 6003 | D7: =C7-B7 -> -2855 | E7: =IF(B7=0,"",D7/B7) -> -0.32230752 | F7: 4079608.2 | G7: 2621516.2 | H7: =G7-F7 -> -1458092 | I7: =IF(B7=0,"",F7/B7) -> 460.55636 | J7: =IF(C7=0,"",G7/C7) -> 436.70102 | K7: =J7-I7 -> -23.855344 | L7: 45 | M7: 40 | N7: 41 | O7: 42 | P7: 4 | Q7: 3
A8: ЦЖЗ на Планетной | B8: 5614 | C8: 6291 | D8: =C8-B8 -> 677 | E8: =IF(B8=0,"",D8/B8) -> 0.12059138 | F8: 3020954.7 | G8: 3010961.9 | H8: =G8-F8 -> -9992.86 | I8: =IF(B8=0,"",F8/B8) -> 538.11093 | J8: =IF(C8=0,"",G8/C8) -> 478.61419 | K8: =J8-I8 -> -59.496735 | L8: 53 | M8: 43 | N8: 43 | O8: 37 | P8: 5 | Q8: 11
A9: ЖК №10 | B9: 473 | C9: 808 | D9: =C9-B9 -> 335 | E9: =IF(B9=0,"",D9/B9) -> 0.70824524 | F9: 255838.71 | G9: 541135.47 | H9: =G9-F9 -> 285296.76 | I9: =IF(B9=0,"",F9/B9) -> 540.88522 | J9: =IF(C9=0,"",G9/C9) -> 669.72212 | K9: =J9-I9 -> 128.83689 | L9: 6 | M9: 7 | N9: 21 | O9: 17 | P9: 3 | Q9: 7
A10: ИТОГО | B10: 22951 | C10: 23540 | D10: =C10-B10 -> 589 | E10: =IF(B10=0,"",D10/B10) -> 0.02566337 | F10: 11864210 | G10: 11983387 | H10: =G10-F10 -> 119177.09 | I10: =IF(B10=0,"",F10/B10) -> 516.93652 | J10: =IF(C10=0,"",G10/C10) -> 509.06487 | K10: =J10-I10 -> -7.8716448 | L10: 168 | M10: 153 | N10: 62 | O10: 56 | P10: 2 | Q10: 8

Sheet Главные изменения
A1: Какие услуги изменились сильнее всего
A2: Для каждого подразделения показано до 7 крупнейших ростов и снижений. Полный перечень кодов находится на листе «Все услуги».
A5: Подразделение | B5: Направление | C5: Код | D5: Услуга | E5: Август, кол. | F5: Сентябрь, кол. | G5: Разница | H5: Август, руб. | I5: Сентябрь, руб. | J5: Разница, руб. | K5: Средняя стоимость, август | L5: Средняя стоимость, сентябрь
A6: ЦЖЗ на Лобненской | B6: Рост | C6: 1442 | D6: Прием врача-акушера-гинеколога лечебно-диагностический, повторный, амб. | E6: 1226 | F6: 1666 | G6: =F6-E6 -> 440 | H6: 538569.54 | I6: 731857.14 | J6: =I6-H6 -> 193287.6 | K6: =IF(E6=0,"",H6/E6) -> 439.29 | L6: =IF(F6=0,"",I6/F6) -> 439.29
A7: ЦЖЗ на Лобненской | B7: Рост | C7: 2012 | D7: Забор материала на флору | E7: 508 | F7: 835 | G7: =F7-E7 -> 327 | H7: 91729.56 | I7: 150775.95 | J7: =I7-H7 -> 59046.39 | K7: =IF(E7=0,"",H7/E7) -> 180.57 | L7: =IF(F7=0,"",I7/F7) -> 180.57
A8: ЦЖЗ на Лобненской | B8: Рост | C8: 8003 | D8: Расширенная кольпоскопия и вульвоскопия | E8: 106 | F8: 413 | G8: =F8-E8 -> 307 | H8: 57450.94 | I8: 223841.87 | J8: =I8-H8 -> 166390.93 | K8: =IF(E8=0,"",H8/E8) -> 541.99 | L8: =IF(F8=0,"",I8/F8) -> 541.99
A9: ЦЖЗ на Лобненской | B9: Рост | C9: 1441 | D9: Прием врача-акушера-гинеколога лечебно-диагностический, первичный, амб. | E9: 330 | F9: 547 | G9: =F9-E9 -> 217 | H9: 164960.4 | I9: 273434.36 | J9: =I9-H9 -> 108473.96 | K9: =IF(E9=0,"",H9/E9) -> 499.88 | L9: =IF(F9=0,"",I9/F9) -> 499.88
A10: ЦЖЗ на Лобненской | B10: Рост | C10: 22721 | D10: ФКГ плода | E10: 426 | F10: 588 | G10: =F10-E10 -> 162 | H10: 183657.12 | I10: 253498.56 | J10: =I10-H10 -> 69841.44 | K10: =IF(E10=0,"",H10/E10) -> 431.12 | L10: =IF(F10=0,"",I10/F10) -> 431.12
A11: ЦЖЗ на Лобненской | B11: Рост | C11: 1984 | D11: Диспансеризация женщин в возрасте 30-49 лет по оценке репродуктивного здоровья I этап | E11: 326 | F11: 463 | G11: =F11-E11 -> 137 | H11: 687801.32 | I11: 976846.66 | J11: =I11-H11 -> 289045.34 | K11: =IF(E11=0,"",H11/E11) -> 2109.82 | L11: =IF(F11=0,"",I11/F11) -> 2109.82
A12: ЦЖЗ на Лобненской | B12: Рост | C12: 2004 | D12: Взятие крови из вены, кровопускание | E12: 1141 | F12: 1275 | G12: =F12-E12 -> 134 | H12: 69966.12 | I12: 78428.28 | J12: =I12-H12 -> 8462.16 | K12: =IF(E12=0,"",H12/E12) -> 61.32 | L12: =IF(F12=0,"",I12/F12) -> 61.512376
A13: ЦЖЗ на Лобненской | B13: Снижение | C13: 40041 | D13: Скрининговое ультразвуковое исследование беременной и плода во II триместре (в сроки 19 - 21 неделя) | E13: 149 | F13: 113 | G13: =F13-E13 -> -36 | H13: 436564.04 | I13: 331085.48 | J13: =I13-H13 -> -105478.56 | K13: =IF(E13=0,"",H13/E13) -> 2929.96 | L13: =IF(F13=0,"",I13/F13) -> 2929.96
A14: ЦЖЗ на Лобненской | B14: Снижение | C14: 40052 | D14: УЗИ молочных желез | E14: 254 | F14: 233 | G14: =F14-E14 -> -21 | H14: 36154.36 | I14: 33165.22 | J14: =I14-H14 -> -2989.14 | K14: =IF(E14=0,"",H14/E14) -> 142.34 | L14: =IF(F14=0,"",I14/F14) -> 142.34
A15: ЦЖЗ на Лобненской | B15: Снижение | C15: 2001 | D15: Внутримышечная, подкожная инъекция | E15: 16 | F15: 0 | G15: =F15-E15 -> -16 | H15: 747.52 | I15: 0 | J15: =I15-H15 -> -747.52 | K15: =IF(E15=0,"",H15/E15) -> 46.72 | L15: =IF(F15=0,"",I15/F15)
A16: ЦЖЗ на Лобненской | B16: Снижение | C16: 1849 | D16: Прием врача-эндокринолога лечебно-диагностический | E16: 120 | F16: 106 | G16: =F16-E16 -> -14 | H16: 13502.4 | I16: 11927.12 | J16: =I16-H16 -> -1575.28 | K16: =IF(E16=0,"",H16/E16) -> 112.52 | L16: =IF(F16=0,"",I16/F16) -> 112.52
A17: ЦЖЗ на Лобненской | B17: Снижение | C17: 8089 | D17: Выскабливание цервикального канала и/или удаление полипа цервикального канала | E17: 32 | F17: 19 | G17: =F17-E17 -> -13 | H17: 99193.28 | I17: 58896.01 | J17: =I17-H17 -> -40297.27 | K17: =IF(E17=0,"",H17/E17) -> 3099.79 | L17: =IF(F17=0,"",I17/F17) -> 3099.79
... A61: ЖК №10 | B61: Снижение | C61: 40115 | D61: Скрининговое ультразвуковое исследование беременной и плода в III триместре (в сроки 34 ? 36 недель) | E61: 3 | F61: 0 | G61: =F61-E61 -> -3 | H61: 1855.08 | I61: 0 | J61: =I61-H61 -> -1855.08 | K61: =IF(E61=0,"",H61/E61) -> 618.36 | L61: =IF(F61=0,"",I61/F61)

Sheet Все услуги
A1: Полная расшифровка по кодам услуг
A2: Используйте фильтры по подразделению, группе и статусу. Разница = сентябрь минус август; ноль означает, что код отсутствовал в соответствующем периоде.
A5: Подразделение | B5: Группа | C5: Код | D5: Услуга | E5: Август, кол. | F5: Сентябрь, кол. | G5: Разница | H5: Изменение | I5: Август, руб. | J5: Сентябрь, руб. | K5: Разница, руб. | L5: Средняя стоимость, август | M5: Средняя стоимость, сентябрь | N5: Разница средней
A6: ЦЖЗ на Лобненской | B6: Приёмы и консультации | C6: 1442 | D6: Прием врача-акушера-гинеколога лечебно-диагностический, повторный, амб. | E6: 1226 | F6: 1666 | G6: =F6-E6 -> 440 | H6: =IF(E6=0,"",G6/E6) -> 0.3588907 | I6: 538569.54 | J6: 731857.14 | K6: =J6-I6 -> 193287.6 | L6: =IF(E6=0,"",I6/E6) -> 439.29 | M6: =IF(F6=0,"",J6/F6) -> 439.29 | N6: =IF(OR(L6="",M6=""),"",M6-L6) -> 0
A7: ЦЖЗ на Лобненской | B7: Забор материалов и кровь | C7: 2012 | D7: Забор материала на флору | E7: 508 | F7: 835 | G7: =F7-E7 -> 327 | H7: =IF(E7=0,"",G7/E7) -> 0.64370079 | I7: 91729.56 | J7: 150775.95 | K7: =J7-I7 -> 59046.39 | L7: =IF(E7=0,"",I7/E7) -> 180.57 | M7: =IF(F7=0,"",J7/F7) -> 180.57 | N7: =IF(OR(L7="",M7=""),"",M7-L7) -> 2.8421709e-14
A8: ЦЖЗ на Лобненской | B8: Гинекологические процедуры | C8: 8003 | D8: Расширенная кольпоскопия и вульвоскопия | E8: 106 | F8: 413 | G8: =F8-E8 -> 307 | H8: =IF(E8=0,"",G8/E8) -> 2.8962264 | I8: 57450.94 | J8: 223841.87 | K8: =J8-I8 -> 166390.93 | L8: =IF(E8=0,"",I8/E8) -> 541.99 | M8: =IF(F8=0,"",J8/F8) -> 541.99 | N8: =IF(OR(L8="",M8=""),"",M8-L8) -> 0
A9: ЦЖЗ на Лобненской | B9: Приёмы и консультации | C9: 1441 | D9: Прием врача-акушера-гинеколога лечебно-диагностический, первичный, амб. | E9: 330 | F9: 547 | G9: =F9-E9 -> 217 | H9: =IF(E9=0,"",G9/E9) -> 0.65757576 | I9: 164960.4 | J9: 273434.36 | K9: =J9-I9 -> 108473.96 | L9: =IF(E9=0,"",I9/E9) -> 499.88 | M9: =IF(F9=0,"",J9/F9) -> 499.88 | N9: =IF(OR(L9="",M9=""),"",M9-L9) -> 0
A10: ЦЖЗ на Лобненской | B10: Беременность и наблюдение плода | C10: 22721 | D10: ФКГ плода | E10: 426 | F10: 588 | G10: =F10-E10 -> 162 | H10: =IF(E10=0,"",G10/E10) -> 0.38028169 | I10: 183657.12 | J10: 253498.56 | K10: =J10-I10 -> 69841.44 | L10: =IF(E10=0,"",I10/E10) -> 431.12 | M10: =IF(F10=0,"",J10/F10) -> 431.12 | N10: =IF(OR(L10="",M10=""),"",M10-L10) -> 0
A11: ЦЖЗ на Лобненской | B11: Репродуктивная диспансеризация | C11: 1984 | D11: Диспансеризация женщин в возрасте 30-49 лет по оценке репродуктивного здоровья I этап | E11: 326 | F11: 463 | G11: =F11-E11 -> 137 | H11: =IF(E11=0,"",G11/E11) -> 0.4202454 | I11: 687801.32 | J11: 976846.66 | K11: =J11-I11 -> 289045.34 | L11: =IF(E11=0,"",I11/E11) -> 2109.82 | M11: =IF(F11=0,"",J11/F11) -> 2109.82 | N11: =IF(OR(L11="",M11=""),"",M11-L11) -> 4.5474735e-13
A12: ЦЖЗ на Лобненской | B12: Забор материалов и кровь | C12: 2004 | D12: Взятие крови из вены, кровопускание | E12: 1141 | F12: 1275 | G12: =F12-E12 -> 134 | H12: =IF(E12=0,"",G12/E12) -> 0.11744084 | I12: 69966.12 | J12: 78428.28 | K12: =J12-I12 -> 8462.16 | L12: =IF(E12=0,"",I12/E12) -> 61.32 | M12: =IF(F12=0,"",J12/F12) -> 61.512376 | N12: =IF(OR(L12="",M12=""),"",M12-L12) -> 0.19237647
A13: ЦЖЗ на Лобненской | B13: Забор материалов и кровь | C13: 2013 | D13: Забор материала на цитологическое исследование и КПИ | E13: 226 | F13: 356 | G13: =F13-E13 -> 130 | H13: =IF(E13=0,"",G13/E13) -> 0.57522124 | I13: 40808.82 | J13: 64282.92 | K13: =J13-I13 -> 23474.1 | L13: =IF(E13=0,"",I13/E13) -> 180.57 | M13: =IF(F13=0,"",J13/F13) -> 180.57 | N13: =IF(OR(L13="",M13=""),"",M13-L13) -> 0
A14: ЦЖЗ на Лобненской | B14: Приёмы и консультации | C14: 1571 | D14: Прием больных мед.сестрой (фельдш.,акушеркой) доврач., смотр. кабинета | E14: 198 | F14: 281 | G14: =F14-E14 -> 83 | H14: =IF(E14=0,"",G14/E14) -> 0.41919192 | I14: 22726.44 | J14: 32253.18 | K14: =J14-I14 -> 9526.74 | L14: =IF(E14=0,"",I14/E14) -> 114.78 | M14: =IF(F14=0,"",J14/F14) -> 114.78 | N14: =IF(OR(L14="",M14=""),"",M14-L14) -> 1.4210855e-14
A15: ЦЖЗ на Лобненской | B15: УЗИ и инструментальная диагностика | C15: 35401 | D15: Обзорная Rg-графия молочной железы в двух проекциях | E15: 129 | F15: 189 | G15: =F15-E15 -> 60 | H15: =IF(E15=0,"",G15/E15) -> 0.46511628 | I15: 39730.71 | J15: 58210.11 | K15: =J15-I15 -> 18479.4 | L15: =IF(E15=0,"",I15/E15) -> 307.99 | M15: =IF(F15=0,"",J15/F15) -> 307.99 | N15: =IF(OR(L15="",M15=""),"",M15-L15) -> 0
A16: ЦЖЗ на Лобненской | B16: Беременность и наблюдение плода | C16: 1981 | D16: Прием врача-акушера-гинеколога, амбулаторный (наблюдение беременности) | E16: 603 | F16: 661 | G16: =F16-E16 -> 58 | H16: =IF(E16=0,"",G16/E16) -> 0.096185738 | I16: 544726.08 | J16: 597120.96 | K16: =J16-I16 -> 52394.88 | L16: =IF(E16=0,"",I16/E16) -> 903.36 | M16: =IF(F16=0,"",J16/F16) -> 903.36 | N16: =IF(OR(L16="",M16=""),"",M16-L16) -> 0
A17: ЦЖЗ на Лобненской | B17: УЗИ и инструментальная диагностика | C17: 22100 | D17: ЭКГ (в 12-ти отведениях) | E17: 145 | F17: 202 | G17: =F17-E17 -> 57 | H17: =IF(E17=0,"",G17/E17) -> 0.39310345 | I17: 17378.25 | J17: 24209.7 | K17: =J17-I17 -> 6831.45 | L17: =IF(E17=0,"",I17/E17) -> 119.85 | M17: =IF(F17=0,"",J17/F17) -> 119.85 | N17: =IF(OR(L17="",M17=""),"",M17-L17) -> 1.4210855e-14
... A178: ЖК №10 | B178: УЗИ и инструментальная диагностика | C178: 40021 | D178: УЗИ внутренних женских половых органов | E178: 27 | F178: 1 | G178: =F178-E178 -> -26 | H178: =IF(E178=0,"",G178/E178) -> -0.96296296 | I178: 6825.6 | J178: 252.8 | K178: =J178-I178 -> -6572.8 | L178: =IF(E178=0,"",I178/E178) -> 252.8 | M178: =IF(F178=0,"",J178/F178) -> 252.8 | N178: =IF(OR(L178="",M178=""),"",M178-L178) -> 0

Sheet По врачам
A1: Сравнение по врачам
A4: Подразделение | B4: Врач | C4: Август, кол. | D4: Сентябрь, кол. | E4: Разница | F4: Изменение | G4: Август, руб. | H4: Сентябрь, руб. | I4: Разница, руб. | J4: Средняя стоимость, август | K4: Средняя стоимость, сентябрь | L4: Разница средней | M4: Кодов, август | N4: Кодов, сентябрь
A5: ЦЖЗ на Лобненской | B5: СОЛОМАХИНА Ю. Н. | C5: 0 | D5: 248 | E5: =D5-C5 -> 248 | F5: =IF(C5=0,"",E5/C5) | G5: 0 | H5: 155672.34 | I5: =H5-G5 -> 155672.34 | J5: =IF(C5=0,"",G5/C5) | K5: =IF(D5=0,"",H5/D5) -> 627.71105 | L5: =IF(OR(J5="",K5=""),"",K5-J5) | M5: 0 | N5: 12
A6: ЦЖЗ на Лобненской | B6: МАМЕДОВА И. Ю. | C6: 39 | D6: 251 | E6: =D6-C6 -> 212 | F6: =IF(C6=0,"",E6/C6) -> 5.4358974 | G6: 30194.76 | H6: 152503.55 | I6: =H6-G6 -> 122308.79 | J6: =IF(C6=0,"",G6/C6) -> 774.22462 | K6: =IF(D6=0,"",H6/D6) -> 607.58386 | L6: =IF(OR(J6="",K6=""),"",K6-J6) -> -166.64075 | M6: 11 | N6: 12
A7: ЦЖЗ на Лобненской | B7: КАРГИНА О. О. | C7: 0 | D7: 196 | E7: =D7-C7 -> 196 | F7: =IF(C7=0,"",E7/C7) | G7: 0 | H7: 127670.07 | I7: =H7-G7 -> 127670.07 | J7: =IF(C7=0,"",G7/C7) | K7: =IF(D7=0,"",H7/D7) -> 651.37791 | L7: =IF(OR(J7="",K7=""),"",K7-J7) | M7: 0 | N7: 13
A8: ЦЖЗ на Лобненской | B8: МУСАТ А. Е. | C8: 182 | D8: 0 | E8: =D8-C8 -> -182 | F8: =IF(C8=0,"",E8/C8) -> -1 | G8: 143143.21 | H8: 0 | I8: =H8-G8 -> -143143.21 | J8: =IF(C8=0,"",G8/C8) -> 786.50115 | K8: =IF(D8=0,"",H8/D8) | L8: =IF(OR(J8="",K8=""),"",K8-J8) | M8: 14 | N8: 0
A9: ЦЖЗ на Лобненской | B9: ПРОХОРЕНКО Я. В. | C9: 65 | D9: 237 | E9: =D9-C9 -> 172 | F9: =IF(C9=0,"",E9/C9) -> 2.6461538 | G9: 49873.87 | H9: 182445.22 | I9: =H9-G9 -> 132571.35 | J9: =IF(C9=0,"",G9/C9) -> 767.29031 | K9: =IF(D9=0,"",H9/D9) -> 769.81105 | L9: =IF(OR(J9="",K9=""),"",K9-J9) -> 2.5207472 | M9: 9 | N9: 14
A10: ЦЖЗ на Лобненской | B10: НОВИКОВА Н. И. | C10: 0 | D10: 164 | E10: =D10-C10 -> 164 | F10: =IF(C10=0,"",E10/C10) | G10: 0 | H10: 84146.05 | I10: =H10-G10 -> 84146.05 | J10: =IF(C10=0,"",G10/C10) | K10: =IF(D10=0,"",H10/D10) -> 513.08567 | L10: =IF(OR(J10="",K10=""),"",K10-J10) | M10: 0 | N10: 10
A11: ЦЖЗ на Лобненской | B11: РАЗАКОВА Ж. Г. | C11: 29 | D11: 189 | E11: =D11-C11 -> 160 | F11: =IF(C11=0,"",E11/C11) -> 5.5172414 | G11: 22892.65 | H11: 130908.11 | I11: =H11-G11 -> 108015.46 | J11: =IF(C11=0,"",G11/C11) -> 789.40172 | K11: =IF(D11=0,"",H11/D11) -> 692.6355 | L11: =IF(OR(J11="",K11=""),"",K11-J11) -> -96.766221 | M11: 8 | N11: 12
A12: ЦЖЗ на Лобненской | B12: ВОЗНЕСЕНСКАЯ С. И. | C12: 155 | D12: 0 | E12: =D12-C12 -> -155 | F12: =IF(C12=0,"",E12/C12) -> -1 | G12: 91280.65 | H12: 0 | I12: =H12-G12 -> -91280.65 | J12: =IF(C12=0,"",G12/C12) -> 588.90742 | K12: =IF(D12=0,"",H12/D12) | L12: =IF(OR(J12="",K12=""),"",K12-J12) | M12: 12 | N12: 0
A13: ЦЖЗ на Лобненской | B13: ФЕДОРОВА М. С. | C13: 112 | D13: 253 | E13: =D13-C13 -> 141 | F13: =IF(C13=0,"",E13/C13) -> 1.2589286 | G13: 76341.34 | H13: 175592.98 | I13: =H13-G13 -> 99251.64 | J13: =IF(C13=0,"",G13/C13) -> 681.61911 | K13: =IF(D13=0,"",H13/D13) -> 694.0434 | L13: =IF(OR(J13="",K13=""),"",K13-J13) -> 12.424292 | M13: 14 | N13: 15
A14: ЦЖЗ на Лобненской | B14: КУЛИКОВА В. И. | C14: 76 | D14: 204 | E14: =D14-C14 -> 128 | F14: =IF(C14=0,"",E14/C14) -> 1.6842105 | G14: 54816.64 | H14: 158214.15 | I14: =H14-G14 -> 103397.51 | J14: =IF(C14=0,"",G14/C14) -> 721.27158 | K14: =IF(D14=0,"",H14/D14) -> 775.55956 | L14: =IF(OR(J14="",K14=""),"",K14-J14) -> 54.28798 | M14: 11 | N14: 14
A15: ЦЖЗ на Лобненской | B15: КИРИЛЛОВА А. П. | C15: 131 | D15: 256 | E15: =D15-C15 -> 125 | F15: =IF(C15=0,"",E15/C15) -> 0.95419847 | G15: 227305.13 | H15: 306485.43 | I15: =H15-G15 -> 79180.3 | J15: =IF(C15=0,"",G15/C15) -> 1735.1537 | K15: =IF(D15=0,"",H15/D15) -> 1197.2087 | L15: =IF(OR(J15="",K15=""),"",K15-J15) -> -537.94495 | M15: 12 | N15: 17
A16: ЦЖЗ на Лобненской | B16: МАНУКЯН Е. М. | C16: 0 | D16: 116 | E16: =D16-C16 -> 116 | F16: =IF(C16=0,"",E16/C16) | G16: 0 | H16: 20215.57 | I16: =H16-G16 -> 20215.57 | J16: =IF(C16=0,"",G16/C16) | K16: =IF(D16=0,"",H16/D16) -> 174.27216 | L16: =IF(OR(J16="",K16=""),"",K16-J16) | M16: 0 | N16: 3
... A196: ЖК №10 | B196: ИВАНЦОВА Т. А. | C196: 1 | D196: 0 | E196: =D196-C196 -> -1 | F196: =IF(C196=0,"",E196/C196) -> -1 | G196: 520.81 | H196: 0 | I196: =H196-G196 -> -520.81 | J196: =IF(C196=0,"",G196/C196) -> 520.81 | K196: =IF(D196=0,"",H196/D196) | L196: =IF(OR(J196="",K196=""),"",K196-J196) | M196: 1 | N196: 0

Sheet Планетная
A1: Переход ЖК №3, 5, 6 и 7 в ЦЖЗ на Планетной
A2: Август 07–20: сумма четырёх отдельных ЖК. Сентябрь 07–20: ЦЖЗ на Планетно
A5: Показатель | B5: Август 07–20 | C5: Сентябрь 07–20 | D5: Разница | E5: Изменение
A6: Количество услуг | B6: 5614 | C6: 6291 | D6: =C6-B6 -> 677 | E6: =IF(B6=0,"",D6/B6) -> 0.12059138
A7: Сумма, руб. | B7: 3020954.7 | C7: 3010961.9 | D7: =C7-B7 -> -9992.86 | E7: =IF(B7=0,"",D7/B7) -> -0.0033078483
A8: Средняя стоимость 1 услуги, руб. | B8: 538.11093 | C8: 478.61419 | D8: =C8-B8 -> -59.496735 | E8: =IF(B8=0,"",D8/B8) -> -0.11056593
A11: Какие источники вошли в сравнение Планетной
A12: Период | B12: Форма работы | C12: Источник | D12: Количество | E12: Сумма, руб. | F12: Средняя стоимость | G12: Врачей | H12: Кодов | I12: Строк услуг
A13: Август | B13: Отдельные ЖК | C13: ЖК №3 | D13: 1289 | E13: 659663.98 | F13: 511.76414 | G13: 14 | H13: 27 | I13: 112
A14: Август | B14: Отдельные ЖК | C14: ЖК №5 | D14: 1728 | E14: 1020733.4 | F14: 590.70221 | G14: 16 | H14: 25 | I14: 151
A15: Август | B15: Отдельные ЖК | C15: ЖК №6 | D15: 1400 | E15: 738490.69 | F15: 527.49335 | G15: 11 | H15: 30 | I15: 105
A16: Август | B16: Отдельные ЖК | C16: ЖК №7 | D16: 1197 | E16: 602066.65 | F16: 502.97966 | G16: 12 | H16: 27 | I16: 89
A17: Сентябрь | B17: ЦЖЗ | C17: ЦЖЗ на Планетной | D17: 6291 | E17: 3010961.9 | F17: 478.61419 | G17: 43 | H17: 37 | I17: 355
A20: Какие группы изменили объём Планетной
A21: Группа | B21: Август, кол. | C21: Сентябрь, кол. | D21: Разница | E21: Изменение | F21: Август, руб. | G21: Сентябрь, руб. | H21: Разница, руб. | I21: Средняя стоимость, август | J21: Средняя стоимость, сентябрь | K21: Разница средней
A22: Беременность и наблюдение плода | B22: 1141 | C22: 968 | D22: =C22-B22 -> -173 | E22: =IF(B22=0,"",D22/B22) -> -0.15162138 | F22: 755841.79 | G22: 627893.62 | H22: =G22-F22 -> -127948.17 | I22: =IF(B22=0,"",F22/B22) -> 662.43803 | J22: =IF(C22=0,"",G22/C22) -> 648.65043 | K22: =IF(OR(I22="",J22=""),"",J22-I22) -> -13.787594
A23: Гинекологические процедуры | B23: 89 | C23: 70 | D23: =C23-B23 -> -19 | E23: =IF(B23=0,"",D23/B23) -> -0.21348315 | F23: 99651.2 | G23: 94527.91 | H23: =G23-F23 -> -5123.29 | I23: =IF(B23=0,"",F23/B23) -> 1119.6764 | J23: =IF(C23=0,"",G23/C23) -> 1350.3987 | K23: =IF(OR(I23="",J23=""),"",J23-I23) -> 230.72231
A24: Забор материалов и кровь | B24: 1511 | C24: 1621 | D24: =C24-B24 -> 110 | E24: =IF(B24=0,"",D24/B24) -> 0.072799471 | F24: 192025.86 | G24: 207926.34 | H24: =G24-F24 -> 15900.48 | I24: =IF(B24=0,"",F24/B24) -> 127.08528 | J24: =IF(C24=0,"",G24/C24) -> 128.27041 | K24: =IF(OR(I24="",J24=""),"",J24-I24) -> 1.1851321
A25: Приёмы и консультации | B25: 1432 | C25: 1494 | D25: =C25-B25 -> 62 | E25: =IF(B25=0,"",D25/B25) -> 0.043296089 | F25: 655739.76 | G25: 686495.26 | H25: =G25-F25 -> 30755.5 | I25: =IF(B25=0,"",F25/B25) -> 457.91883 | J25: =IF(C25=0,"",G25/C25) -> 459.50151 | K25: =IF(OR(I25="",J25=""),"",J25-I25) -> 1.5826859
A26: Репродуктивная диспансеризация | B26: 421 | C26: 368 | D26: =C26-B26 -> -53 | E26: =IF(B26=0,"",D26/B26) -> -0.12589074 | F26: 1045950.7 | G26: 912744.92 | H26: =G26-F26 -> -133205.74 | I26: =IF(B26=0,"",F26/B26) -> 2484.4434 | J26: =IF(C26=0,"",G26/C26) -> 2480.2851 | K26: =IF(OR(I26="",J26=""),"",J26-I26) -> -4.1582642
A27: УЗИ и инструментальная диагностика | B27: 1018 | C27: 1770 | D27: =C27-B27 -> 752 | E27: =IF(B27=0,"",D27/B27) -> 0.73870334 | F27: 271641.51 | G27: 481373.83 | H27: =G27-F27 -> 209732.32 | I27: =IF(B27=0,"",F27/B27) -> 266.83842 | J27: =IF(C27=0,"",G27/C27) -> 271.96262 | K27: =IF(OR(I27="",J27=""),"",J27-I27) -> 5.1241974
A28: Другие услуги | B28: 2 | C28: 0 | D28: =C28-B28 -> -2 | E28: =IF(B28=0,"",D28/B28) -> -1 | F28: 103.96 | G28: 0 | H28: =G28-F28 -> -103.96 | I28: =IF(B28=0,"",F28/B28) -> 51.98 | J28: =IF(C28=0,"",G28/C28) | K28: =IF(OR(I28="",J28=""),"",J28-I28)
